Date,Item,Train,Discount_%,Discounted_Price
09-01-2017,Item_B,Thalys,25,233.25
09-01-2017,Item_A,DB,25,132.0
09-01-2017,Item_D,DB,15,57.8
09-01-2017,Item_C,Thalys,10,256.5
30-12-2018,Item_B,DB,25,60.75
30-12-2018,Item_E,DB,30,112.0
30-12-2018,Item_C,TGV,10,193.5
20-12-2018,Item_D,Thalys,15,79.9
20-12-2018,Item_A,TGV,20,208.8
26-04-2019,Item_C,DB,20,229.6
26-04-2019,Item_A,TGV,20,362.4
26-04-2019,Item_E,DB,25,168.0
26-04-2019,Item_D,Eurostar,25,232.5
12-08-2021,Item_A,Thalys,30,163.8
12-08-2021,Item_B,TGV,10,275.4
12-08-2021,Item_D,DB,20,148.8
24-01-2020,Item_E,Eurostar,15,221.0
25-12-2017,Item_A,DB,20,275.2
10-04-2016,Item_A,Eurostar,15,215.05
12-07-2017,Item_D,Eurostar,10,60.3
12-07-2017,Item_A,DB,30,138.6
12-07-2017,Item_C,TGV,10,240.3
12-02-2016,Item_C,TGV,30,91.0
12-02-2016,Item_E,TGV,25,222.0
12-02-2016,Item_A,Thalys,10,302.4
12-02-2016,Item_D,DB,15,397.8
29-03-2016,Item_E,DB,25,312.75
22-11-2018,Item_D,TGV,10,213.3
22-11-2018,Item_E,DB,15,113.9
22-11-2018,Item_A,Eurostar,10,312.3
22-11-2018,Item_B,Thalys,15,43.35
15-07-2018,Item_C,Thalys,15,368.9
15-07-2018,Item_A,Thalys,30,282.1
02-12-2017,Item_B,DB,30,304.5
02-12-2017,Item_E,Eurostar,15,119.0
02-12-2017,Item_D,Thalys,25,242.25
02-12-2017,Item_A,TGV,20,330.4
16-09-2018,Item_A,Thalys,25,70.5
16-09-2018,Item_B,Thalys,10,409.5
16-09-2018,Item_C,TGV,10,170.1
15-06-2019,Item_C,Thalys,20,394.4
15-06-2019,Item_D,Thalys,25,168.75
15-06-2019,Item_B,DB,10,401.4
15-06-2019,Item_E,Eurostar,30,79.8
09-01-2019,Item_D,DB,30,170.8
09-01-2019,Item_B,Eurostar,10,161.1
09-01-2019,Item_E,TGV,10,175.5
09-01-2019,Item_A,TGV,10,333.0
27-06-2018,Item_D,Thalys,30,65.8
16-10-2016,Item_E,DB,20,76.0
10-11-2018,Item_D,DB,25,82.5
17-12-2018,Item_C,Eurostar,25,252.0
17-12-2018,Item_B,DB,10,448.2
17-12-2018,Item_E,TGV,10,414.0
03-11-2017,Item_A,DB,10,252.0
03-11-2017,Item_B,Thalys,15,208.25
11-04-2018,Item_B,DB,25,135.75
11-04-2018,Item_A,TGV,25,291.75
11-04-2018,Item_D,Thalys,10,429.3
11-04-2018,Item_E,TGV,25,231.0
24-05-2016,Item_A,DB,15,236.3
24-05-2016,Item_D,Eurostar,10,371.7
24-05-2016,Item_B,TGV,20,106.4
24-05-2016,Item_C,DB,15,232.9
25-06-2018,Item_A,DB,25,141.0
25-06-2018,Item_E,TGV,30,346.5
25-06-2018,Item_D,Thalys,25,171.75
22-02-2019,Item_B,Eurostar,10,338.4
08-08-2018,Item_C,Eurostar,20,250.4
15-05-2016,Item_B,Eurostar,20,61.6
15-05-2016,Item_E,DB,30,346.5
09-09-2017,Item_E,DB,20,211.2
09-09-2017,Item_A,DB,20,292.0
14-10-2021,Item_A,Thalys,25,328.5
14-10-2021,Item_C,TGV,10,432.0
14-10-2021,Item_E,Thalys,30,62.3
21-08-2018,Item_A,Thalys,25,284.25
21-08-2018,Item_E,Thalys,20,368.8
21-08-2018,Item_C,Thalys,25,206.25
06-02-2017,Item_C,DB,15,223.55
06-02-2017,Item_D,DB,15,175.1
20-09-2020,Item_B,DB,10,87.3
20-09-2020,Item_D,TGV,15,131.75
20-09-2020,Item_C,Thalys,30,92.4
20-09-2020,Item_E,TGV,20,111.2
04-12-2019,Item_C,TGV,10,179.1
04-12-2019,Item_B,Thalys,20,272.0
04-12-2019,Item_D,Thalys,10,316.8
21-11-2018,Item_D,TGV,20,217.6
21-11-2018,Item_A,Eurostar,15,358.7
20-11-2016,Item_E,Thalys,20,102.4
20-11-2016,Item_B,Eurostar,25,355.5
20-11-2016,Item_C,DB,25,333.75
25-12-2021,Item_B,TGV,15,208.25
06-08-2021,Item_E,Thalys,20,168.0
06-08-2021,Item_D,Eurostar,25,357.0
10-12-2016,Item_A,DB,10,294.3
10-12-2016,Item_B,TGV,20,277.6
10-12-2016,Item_E,Thalys,30,145.6
22-05-2016,Item_E,DB,10,111.6
22-05-2016,Item_B,TGV,20,363.2
22-05-2016,Item_A,TGV,30,144.2
15-02-2021,Item_C,TGV,30,208.6
15-02-2021,Item_D,TGV,10,284.4
15-01-2020,Item_A,Thalys,20,157.6
15-01-2020,Item_C,DB,10,406.8
05-07-2021,Item_B,Eurostar,20,332.8
29-09-2021,Item_E,TGV,25,39.75
29-09-2021,Item_B,DB,10,118.8
13-03-2020,Item_B,Thalys,20,54.4
13-03-2020,Item_C,Eurostar,15,240.55
29-08-2021,Item_A,Thalys,30,46.9
29-08-2021,Item_D,Eurostar,25,45.75
29-08-2021,Item_E,Eurostar,10,335.7
16-02-2016,Item_E,Thalys,20,75.2
16-02-2016,Item_B,Thalys,15,89.25
16-12-2016,Item_B,TGV,20,382.4
16-12-2016,Item_C,Thalys,10,108.9
16-12-2016,Item_D,Eurostar,10,114.3
16-12-2016,Item_A,DB,15,368.05
05-03-2016,Item_E,Thalys,25,103.5
05-03-2016,Item_A,Thalys,20,384.0
02-06-2018,Item_D,Thalys,25,287.25
02-06-2018,Item_C,TGV,25,215.25
12-06-2016,Item_E,DB,20,145.6
12-06-2016,Item_A,DB,25,366.75
06-09-2019,Item_A,Eurostar,15,73.1
06-09-2019,Item_E,Eurostar,25,301.5
06-09-2019,Item_C,TGV,20,224.8
06-09-2019,Item_B,TGV,25,69.0
08-03-2017,Item_D,TGV,20,68.8
08-03-2017,Item_B,TGV,30,125.3
25-01-2016,Item_E,Eurostar,30,36.4
25-01-2016,Item_B,DB,25,290.25
25-01-2016,Item_D,TGV,15,82.45
09-08-2018,Item_A,Eurostar,20,394.4
20-08-2016,Item_E,DB,10,45.9
20-08-2016,Item_D,Thalys,25,75.75
20-08-2016,Item_A,Thalys,20,51.2
20-08-2016,Item_B,Eurostar,10,345.6
31-03-2017,Item_E,TGV,10,118.8
31-03-2017,Item_D,Thalys,30,65.1
10-12-2016,Item_B,Eurostar,30,114.1
10-12-2016,Item_C,Eurostar,30,333.2
05-12-2017,Item_D,Thalys,25,141.0
05-12-2017,Item_A,Eurostar,10,317.7
05-12-2017,Item_C,DB,15,230.35
17-04-2016,Item_E,TGV,30,87.5
17-04-2016,Item_C,Eurostar,25,327.0
27-04-2017,Item_B,Eurostar,20,212.8
27-04-2017,Item_D,Eurostar,10,225.0
06-11-2017,Item_D,DB,20,265.6
06-11-2017,Item_C,Eurostar,30,259.7
06-11-2017,Item_E,DB,20,82.4
06-11-2017,Item_A,Eurostar,30,282.1
29-08-2019,Item_A,Eurostar,15,254.15
29-08-2019,Item_B,Thalys,30,325.5
06-07-2017,Item_B,TGV,10,285.3
06-07-2017,Item_C,DB,15,133.45
30-06-2018,Item_C,Eurostar,25,222.0
30-06-2018,Item_A,DB,20,222.4
30-06-2018,Item_B,TGV,10,174.6
24-04-2021,Item_C,Thalys,15,310.25
03-05-2021,Item_B,DB,30,194.6
03-05-2021,Item_D,TGV,15,250.75
03-05-2021,Item_E,Thalys,10,207.0
12-03-2018,Item_E,DB,25,222.0
12-03-2018,Item_A,DB,15,363.8
15-05-2016,Item_A,TGV,25,167.25
15-05-2016,Item_E,DB,30,277.9
15-05-2016,Item_D,Thalys,10,281.7
15-05-2016,Item_B,Eurostar,20,117.6
03-01-2018,Item_B,Thalys,10,118.8
12-08-2019,Item_E,TGV,25,197.25
12-08-2019,Item_B,DB,25,355.5
12-08-2019,Item_A,DB,20,387.2
12-01-2020,Item_B,TGV,15,402.05
12-01-2020,Item_D,Eurostar,25,158.25
12-01-2020,Item_C,DB,10,113.4
12-01-2020,Item_E,DB,20,82.4
08-08-2020,Item_A,Eurostar,25,254.25
08-08-2020,Item_E,Thalys,25,297.0
08-08-2020,Item_B,DB,30,341.6
06-05-2016,Item_D,TGV,20,165.6
06-05-2016,Item_B,Thalys,15,368.05
12-08-2021,Item_A,TGV,30,79.1
12-08-2021,Item_B,Thalys,30,96.6
12-08-2021,Item_D,DB,25,254.25
12-08-2021,Item_E,Eurostar,20,341.6
28-04-2021,Item_B,Thalys,10,285.3
28-04-2021,Item_D,Thalys,25,294.0
28-04-2021,Item_C,DB,30,333.9
07-07-2017,Item_E,TGV,10,224.1
21-04-2021,Item_D,Thalys,10,351.0
21-04-2021,Item_A,TGV,30,334.6
21-04-2021,Item_E,DB,15,333.2
27-03-2017,Item_E,TGV,10,412.2
27-03-2017,Item_A,Thalys,25,188.25
16-11-2020,Item_C,TGV,15,238.85
16-11-2020,Item_A,Thalys,30,347.2
16-11-2020,Item_B,DB,30,348.6
16-11-2020,Item_E,DB,15,235.45
29-04-2018,Item_A,Thalys,30,199.5
16-03-2020,Item_B,TGV,10,162.0
16-03-2020,Item_D,Eurostar,15,351.9
16-03-2020,Item_C,Thalys,20,349.6
27-02-2016,Item_E,Eurostar,10,126.9
27-02-2016,Item_D,Eurostar,15,405.45
27-02-2016,Item_A,Thalys,20,95.2
27-02-2018,Item_D,DB,25,117.75
27-02-2018,Item_A,Eurostar,25,354.75
27-02-2018,Item_C,Eurostar,20,357.6
27-02-2018,Item_B,Thalys,25,161.25
25-05-2016,Item_A,DB,20,377.6
25-05-2016,Item_B,Eurostar,15,299.2
25-05-2016,Item_E,DB,25,168.0
25-05-2016,Item_D,TGV,10,193.5
21-02-2021,Item_D,DB,10,151.2
21-02-2021,Item_C,DB,10,387.0
21-02-2021,Item_E,Eurostar,20,87.2
21-02-2021,Item_B,TGV,15,304.3
22-09-2021,Item_A,TGV,25,197.25
25-12-2020,Item_D,Thalys,30,46.9
25-12-2020,Item_C,TGV,20,293.6
12-01-2018,Item_A,Thalys,25,328.5
12-01-2018,Item_D,Eurostar,20,286.4
09-09-2019,Item_D,TGV,25,85.5
09-09-2019,Item_C,Eurostar,15,325.55
09-09-2019,Item_B,Eurostar,10,285.3
09-09-2019,Item_E,Eurostar,25,159.0
27-04-2017,Item_B,Eurostar,30,80.5
27-04-2017,Item_D,Thalys,25,209.25
27-04-2017,Item_E,Thalys,30,189.0
27-04-2017,Item_A,Thalys,10,45.9
02-07-2020,Item_C,TGV,30,189.0
24-10-2021,Item_B,Eurostar,30,286.3
17-04-2020,Item_C,TGV,20,111.2
17-04-2020,Item_B,Eurostar,30,73.5
17-04-2020,Item_D,Thalys,30,63.0
28-07-2019,Item_D,Thalys,15,185.3
15-12-2019,Item_A,DB,30,214.2
15-12-2019,Item_C,DB,10,70.2
29-02-2020,Item_E,DB,30,309.4
29-02-2020,Item_D,Thalys,10,333.0
29-02-2020,Item_B,Eurostar,15,131.75
29-02-2020,Item_C,TGV,25,351.75
10-01-2018,Item_C,TGV,30,144.9
10-01-2018,Item_E,DB,15,396.95
10-01-2018,Item_B,Thalys,30,142.1
10-01-2018,Item_A,TGV,25,240.0
16-06-2021,Item_E,Eurostar,25,339.0
27-03-2017,Item_D,TGV,10,441.9
12-04-2018,Item_A,Eurostar,20,242.4
12-04-2018,Item_B,DB,10,224.1
12-04-2018,Item_E,Eurostar,25,327.0
07-02-2017,Item_B,DB,20,170.4
18-04-2021,Item_E,TGV,15,327.25
06-05-2017,Item_A,Eurostar,25,176.25
06-05-2017,Item_C,Eurostar,20,308.8
06-05-2017,Item_B,DB,30,211.4
21-01-2020,Item_C,DB,30,229.6
21-01-2020,Item_A,Eurostar,25,305.25
21-01-2020,Item_D,Thalys,10,198.9
21-01-2020,Item_B,DB,30,259.0
25-08-2017,Item_D,DB,25,90.0
25-08-2017,Item_A,Eurostar,15,272.0
25-08-2017,Item_C,DB,10,261.0
14-06-2017,Item_D,DB,15,224.4
14-06-2017,Item_A,Eurostar,20,96.0
14-06-2017,Item_E,Eurostar,30,107.8
14-06-2017,Item_B,Eurostar,25,55.5
26-01-2016,Item_C,TGV,10,364.5
26-01-2016,Item_D,TGV,25,331.5
26-01-2016,Item_E,Eurostar,15,98.6
26-01-2016,Item_A,Thalys,10,283.5
29-03-2017,Item_B,Eurostar,30,60.2
29-03-2017,Item_D,DB,20,144.0
14-04-2016,Item_B,Thalys,25,322.5
21-08-2020,Item_C,Eurostar,30,200.9
31-08-2016,Item_E,DB,10,67.5
03-03-2018,Item_C,Eurostar,20,296.8
03-03-2018,Item_D,Eurostar,20,220.8
03-03-2018,Item_A,DB,15,291.55
13-10-2016,Item_C,Eurostar,30,265.3
24-07-2016,Item_C,DB,10,414.0
20-04-2021,Item_B,Thalys,30,289.1
17-06-2021,Item_B,DB,15,279.65
17-06-2021,Item_C,Thalys,30,294.7
17-06-2021,Item_E,DB,10,422.1
10-11-2021,Item_E,Thalys,25,363.75
27-06-2017,Item_A,Thalys,30,225.4
18-08-2020,Item_D,TGV,15,42.5
18-08-2020,Item_C,DB,25,311.25
09-06-2017,Item_E,DB,20,40.0
09-06-2017,Item_D,Thalys,25,144.75
09-06-2017,Item_C,Eurostar,15,359.55
16-03-2017,Item_E,Eurostar,15,230.35
03-05-2018,Item_D,DB,20,60.0
07-10-2019,Item_D,Eurostar,10,423.9
06-09-2018,Item_C,Thalys,10,221.4
12-01-2019,Item_B,Eurostar,10,117.9
12-01-2019,Item_A,DB,15,56.1
12-01-2019,Item_E,TGV,20,135.2
12-01-2019,Item_D,DB,15,204.0
03-11-2017,Item_C,Thalys,10,273.6
03-11-2017,Item_A,Thalys,20,312.8
03-11-2017,Item_D,Eurostar,30,200.2
03-11-2017,Item_E,TGV,20,246.4
29-06-2020,Item_A,DB,10,241.2
29-06-2020,Item_B,Eurostar,20,395.2
29-06-2020,Item_D,Eurostar,20,224.8
02-06-2016,Item_E,Thalys,15,228.65
19-01-2019,Item_C,DB,15,207.4
25-07-2021,Item_D,Eurostar,15,349.35
25-07-2021,Item_B,DB,25,84.0
25-07-2021,Item_A,TGV,30,150.5
25-07-2021,Item_C,DB,10,258.3
04-09-2018,Item_B,TGV,30,78.4
04-09-2018,Item_E,Thalys,25,353.25
04-09-2018,Item_C,Thalys,25,306.0
04-09-2018,Item_D,Eurostar,15,272.0
09-10-2017,Item_D,TGV,25,209.25
28-07-2020,Item_E,Thalys,10,431.1
28-07-2020,Item_C,TGV,20,279.2
28-07-2020,Item_D,DB,15,335.75
28-07-2020,Item_A,TGV,25,350.25
20-01-2016,Item_B,DB,10,204.3
20-01-2016,Item_E,TGV,15,236.3
20-01-2016,Item_C,DB,30,100.8
15-04-2016,Item_B,DB,30,42.7
15-04-2016,Item_E,TGV,30,165.2
15-04-2016,Item_D,DB,20,133.6
15-04-2016,Item_C,Eurostar,25,147.75
04-12-2019,Item_D,Eurostar,30,305.2
04-08-2018,Item_A,TGV,30,312.2
04-08-2018,Item_C,Eurostar,25,87.75
10-05-2017,Item_C,DB,15,207.4
02-07-2020,Item_A,TGV,10,397.8
14-09-2020,Item_E,Eurostar,10,411.3
14-09-2020,Item_C,Thalys,30,113.4
14-09-2020,Item_B,TGV,15,275.4
06-07-2017,Item_C,Thalys,25,102.0
06-07-2017,Item_E,TGV,30,176.4
13-01-2016,Item_B,TGV,20,80.8
13-01-2016,Item_D,TGV,10,425.7
13-01-2016,Item_E,Eurostar,20,192.8
13-01-2016,Item_C,TGV,30,286.3
08-11-2018,Item_B,DB,20,129.6
08-11-2018,Item_C,Eurostar,25,331.5
08-11-2018,Item_E,TGV,20,156.0
08-11-2018,Item_A,DB,15,377.4
25-12-2019,Item_C,Thalys,25,98.25
25-12-2019,Item_E,Eurostar,25,199.5
25-12-2019,Item_D,Eurostar,10,394.2
25-12-2019,Item_A,DB,15,202.3
07-03-2020,Item_D,Thalys,10,355.5
07-03-2020,Item_B,TGV,10,116.1
07-03-2020,Item_C,Eurostar,15,287.3
19-12-2017,Item_E,Thalys,15,218.45
19-12-2017,Item_D,DB,10,339.3
19-12-2017,Item_A,DB,10,387.9
19-12-2017,Item_C,DB,15,393.55
15-07-2018,Item_A,Thalys,20,146.4
15-07-2018,Item_C,Eurostar,20,258.4
15-07-2018,Item_B,DB,15,232.9
15-07-2018,Item_E,Thalys,15,222.7
16-02-2016,Item_A,DB,25,177.75
19-06-2016,Item_E,Thalys,10,180.0
19-06-2016,Item_A,Thalys,30,152.6
24-04-2016,Item_C,Eurostar,30,228.2
24-04-2016,Item_B,TGV,15,164.05
24-04-2016,Item_E,DB,15,44.2
09-01-2020,Item_A,Eurostar,20,352.8
09-01-2020,Item_D,DB,15,351.05
09-01-2020,Item_C,Thalys,15,186.15
09-01-2020,Item_E,Eurostar,25,213.0
10-08-2017,Item_E,Eurostar,20,176.0
10-08-2017,Item_C,Eurostar,15,311.95
10-08-2017,Item_A,DB,10,380.7
10-08-2017,Item_B,TGV,20,308.0
05-03-2020,Item_E,TGV,10,189.9
05-03-2020,Item_C,TGV,10,373.5
05-05-2020,Item_B,Thalys,10,300.6
13-09-2016,Item_A,DB,20,398.4
13-09-2016,Item_C,TGV,30,198.8
19-11-2020,Item_D,TGV,20,146.4
23-12-2018,Item_B,Eurostar,15,149.6
23-12-2018,Item_D,Thalys,25,191.25
23-12-2018,Item_C,DB,25,254.25
13-11-2020,Item_B,DB,30,66.5
13-11-2020,Item_E,Eurostar,15,330.65
13-11-2020,Item_D,TGV,30,123.9
28-03-2020,Item_B,Eurostar,30,130.2
25-01-2018,Item_E,Eurostar,30,83.3
22-02-2017,Item_C,DB,25,146.25
22-02-2017,Item_D,Thalys,15,203.15
22-02-2017,Item_B,TGV,30,56.7
07-05-2020,Item_B,TGV,30,339.5
07-05-2020,Item_A,Thalys,25,156.0
22-08-2016,Item_A,TGV,30,293.3
22-08-2016,Item_B,Thalys,20,164.8
12-10-2018,Item_D,Eurostar,10,275.4
10-03-2020,Item_C,DB,30,123.2
10-03-2020,Item_E,TGV,25,63.0
10-03-2020,Item_A,Thalys,25,333.0
10-03-2020,Item_B,TGV,10,413.1
20-05-2019,Item_A,DB,25,205.5
20-05-2019,Item_E,Thalys,10,177.3
20-05-2019,Item_D,Eurostar,10,253.8
20-05-2019,Item_C,Thalys,25,259.5
28-09-2018,Item_C,DB,25,268.5
28-09-2018,Item_A,Eurostar,30,350.0
13-01-2016,Item_D,Thalys,30,171.5
13-01-2016,Item_B,Thalys,15,381.65
19-05-2019,Item_B,Eurostar,30,149.8
19-05-2019,Item_E,Eurostar,10,57.6
19-05-2019,Item_A,DB,25,309.75
19-05-2019,Item_C,DB,20,222.4
14-07-2016,Item_C,TGV,30,35.0
14-07-2016,Item_E,DB,25,355.5
11-08-2016,Item_B,Eurostar,20,291.2
11-08-2016,Item_C,Thalys,10,449.1
11-08-2016,Item_E,DB,30,200.2
11-08-2016,Item_A,DB,30,249.2
04-02-2017,Item_A,Eurostar,20,172.0
04-02-2017,Item_D,Thalys,25,297.75
04-02-2017,Item_E,DB,10,399.6
04-02-2017,Item_C,DB,10,291.6
30-08-2020,Item_A,Eurostar,20,48.0
30-08-2020,Item_C,DB,15,136.0
30-08-2020,Item_B,Thalys,15,82.45
30-08-2020,Item_E,Eurostar,20,379.2
23-07-2018,Item_B,DB,15,305.15
23-07-2018,Item_C,Thalys,30,167.3
25-03-2018,Item_D,TGV,25,351.75
25-03-2018,Item_A,TGV,30,172.9
25-03-2018,Item_C,Eurostar,10,379.8
25-03-2018,Item_E,Thalys,10,334.8
14-06-2018,Item_A,Eurostar,30,171.5
14-06-2018,Item_B,Thalys,10,181.8
14-06-2018,Item_E,Thalys,30,56.7
07-11-2017,Item_A,DB,20,264.0
07-11-2017,Item_B,Thalys,15,277.95
07-11-2017,Item_E,Thalys,10,387.0
07-11-2017,Item_D,DB,20,278.4
05-03-2020,Item_E,Eurostar,15,351.9
05-03-2020,Item_C,Eurostar,15,312.8
05-03-2020,Item_D,Eurostar,25,241.5
05-03-2020,Item_A,Eurostar,30,294.7
10-04-2021,Item_D,TGV,10,398.7
10-04-2021,Item_A,DB,15,336.6
10-04-2021,Item_C,Thalys,25,174.0
09-09-2018,Item_E,DB,15,200.6
09-09-2018,Item_D,TGV,15,372.3
09-09-2018,Item_B,Eurostar,10,402.3
12-04-2019,Item_E,Thalys,10,271.8
12-04-2019,Item_C,Thalys,30,167.3
12-04-2019,Item_D,DB,10,373.5
25-05-2017,Item_A,Thalys,25,50.25
25-05-2017,Item_E,Eurostar,15,257.55
25-05-2017,Item_D,Thalys,15,272.0
11-11-2020,Item_C,Thalys,15,257.55
21-05-2017,Item_A,DB,20,357.6
24-12-2017,Item_E,TGV,15,63.75
24-12-2017,Item_A,DB,10,413.1
24-12-2017,Item_C,Thalys,10,94.5
02-10-2019,Item_B,Thalys,25,116.25
02-10-2019,Item_D,DB,10,304.2
02-10-2019,Item_E,TGV,30,325.5
16-10-2021,Item_E,Thalys,15,139.4
16-10-2021,Item_C,TGV,20,115.2
16-10-2021,Item_B,Thalys,25,360.0
12-10-2018,Item_D,Thalys,20,400.0
12-10-2018,Item_C,DB,25,292.5
12-10-2018,Item_A,DB,25,348.75
29-09-2021,Item_D,DB,10,207.9
29-09-2021,Item_B,TGV,20,272.8
07-09-2017,Item_C,Eurostar,20,304.8
07-09-2017,Item_A,DB,30,46.9
07-09-2017,Item_B,TGV,30,62.3
12-08-2018,Item_A,Eurostar,25,143.25
16-11-2019,Item_B,DB,15,62.05
16-11-2019,Item_A,Thalys,10,432.9
16-11-2019,Item_E,DB,30,160.3
23-04-2016,Item_D,TGV,30,70.7
12-11-2019,Item_D,TGV,20,173.6
12-11-2019,Item_A,Eurostar,15,189.55
12-11-2019,Item_B,DB,10,161.1
12-11-2019,Item_C,TGV,30,326.2
09-01-2017,Item_E,Thalys,30,303.8
09-01-2017,Item_D,Thalys,15,415.65
09-01-2017,Item_C,DB,30,336.0
09-01-2017,Item_A,DB,20,104.8
04-08-2019,Item_A,Eurostar,20,170.4
04-08-2019,Item_C,DB,10,192.6
04-08-2019,Item_E,Eurostar,20,237.6
12-07-2019,Item_A,DB,20,399.2
12-07-2019,Item_B,DB,25,366.75
05-03-2020,Item_D,Thalys,15,153.0
05-03-2020,Item_B,TGV,25,44.25
05-03-2020,Item_C,TGV,25,309.75
05-03-2020,Item_E,Thalys,25,147.0
25-06-2019,Item_D,Eurostar,25,144.75
25-06-2019,Item_E,TGV,20,228.8
25-06-2019,Item_B,DB,10,47.7
27-07-2020,Item_D,Eurostar,15,142.8
07-04-2020,Item_B,Eurostar,25,340.5
07-04-2020,Item_A,Thalys,20,136.0
30-07-2017,Item_B,Eurostar,30,45.5
30-07-2017,Item_D,TGV,30,193.9
24-06-2017,Item_E,Eurostar,30,221.9
24-06-2017,Item_C,DB,30,261.8
24-06-2017,Item_B,Eurostar,15,345.1
05-07-2017,Item_A,TGV,20,231.2
05-07-2017,Item_E,DB,15,280.5
05-07-2017,Item_C,Eurostar,15,425.0
05-07-2017,Item_B,TGV,25,129.75
27-10-2017,Item_A,TGV,25,64.5
26-07-2018,Item_A,Thalys,20,85.6
14-06-2018,Item_A,TGV,20,86.4
14-06-2018,Item_C,TGV,30,133.7
06-04-2016,Item_B,Thalys,25,171.0
06-04-2016,Item_A,Thalys,10,209.7
06-04-2016,Item_D,Eurostar,15,355.3
06-04-2016,Item_E,DB,10,231.3
09-03-2016,Item_C,Eurostar,20,272.0
22-04-2021,Item_C,TGV,20,84.0
22-04-2021,Item_A,Eurostar,20,100.0
19-08-2020,Item_C,Eurostar,10,396.0
19-08-2020,Item_D,Eurostar,30,317.1
23-08-2019,Item_C,TGV,25,182.25
23-08-2019,Item_D,Eurostar,10,420.3
11-12-2017,Item_D,Eurostar,25,339.75
11-12-2017,Item_B,Eurostar,15,81.6
11-12-2017,Item_C,Eurostar,20,168.8
11-03-2019,Item_E,DB,30,256.9
04-04-2016,Item_C,Eurostar,30,184.8
04-04-2016,Item_D,DB,10,134.1
04-04-2016,Item_A,Eurostar,30,207.2
04-04-2016,Item_B,Eurostar,20,150.4
18-01-2020,Item_C,DB,10,267.3
18-01-2020,Item_B,Thalys,25,156.0
18-01-2020,Item_A,TGV,10,93.6
18-01-2020,Item_D,DB,15,264.35
23-09-2018,Item_D,TGV,20,360.0
20-09-2017,Item_E,TGV,30,214.2
20-09-2017,Item_D,Thalys,15,70.55
20-09-2017,Item_B,TGV,15,279.65
22-10-2017,Item_C,Thalys,10,144.0
22-10-2017,Item_E,Eurostar,10,223.2
22-10-2017,Item_B,Thalys,20,138.4
22-10-2017,Item_D,Eurostar,30,189.7
14-08-2016,Item_B,TGV,15,410.55
14-08-2016,Item_D,Eurostar,20,116.0
14-08-2016,Item_E,DB,20,151.2
24-05-2019,Item_A,Thalys,30,294.7
28-07-2017,Item_A,Eurostar,10,333.0
28-07-2017,Item_D,TGV,30,239.4
02-01-2019,Item_A,TGV,25,298.5
30-06-2018,Item_E,Thalys,15,414.8
30-06-2018,Item_A,Thalys,30,208.6
07-02-2019,Item_D,Thalys,15,206.55
07-02-2019,Item_A,DB,20,396.8
04-04-2019,Item_A,Thalys,15,259.25
04-04-2019,Item_B,Thalys,25,108.75
08-07-2016,Item_E,TGV,25,319.5
08-07-2016,Item_D,Thalys,15,61.2
08-07-2016,Item_C,Eurostar,30,327.6
04-01-2020,Item_C,TGV,10,51.3
16-06-2016,Item_A,DB,30,100.8
24-10-2019,Item_D,DB,15,333.2
29-06-2019,Item_E,TGV,25,141.75
29-06-2019,Item_B,TGV,25,306.75
29-06-2019,Item_A,DB,10,330.3
29-06-2019,Item_C,TGV,30,312.9
27-10-2019,Item_A,DB,25,129.0
25-06-2019,Item_E,TGV,10,255.6
25-06-2019,Item_B,TGV,25,214.5
11-08-2021,Item_B,Thalys,30,175.0
11-08-2021,Item_A,DB,20,200.8
11-08-2021,Item_E,TGV,15,173.4
11-08-2021,Item_D,Thalys,15,384.2
26-05-2018,Item_E,DB,25,107.25
21-01-2021,Item_E,Eurostar,10,370.8
21-01-2021,Item_B,TGV,25,69.0
12-11-2017,Item_B,TGV,15,300.05
12-11-2017,Item_A,Eurostar,10,272.7
26-03-2021,Item_E,Eurostar,20,354.4
26-03-2021,Item_C,TGV,25,192.0
26-03-2021,Item_D,TGV,20,120.0
26-03-2021,Item_A,Eurostar,25,249.0
16-03-2020,Item_B,DB,10,162.9
23-09-2019,Item_E,TGV,10,256.5
17-10-2016,Item_A,TGV,30,309.4
12-04-2018,Item_D,Thalys,20,228.0
01-04-2020,Item_A,TGV,20,71.2
01-04-2020,Item_D,DB,10,281.7
23-11-2018,Item_C,DB,30,99.4
23-11-2018,Item_B,DB,10,155.7
23-11-2018,Item_D,Thalys,20,48.8
19-09-2019,Item_A,DB,10,127.8
19-09-2019,Item_D,Thalys,30,189.7
19-09-2019,Item_B,TGV,10,144.9
26-03-2018,Item_D,DB,10,156.6
10-03-2019,Item_D,Eurostar,10,326.7
24-09-2021,Item_D,Thalys,10,320.4
24-09-2021,Item_B,Eurostar,30,175.0
24-09-2021,Item_C,TGV,20,72.8
21-01-2016,Item_D,Eurostar,10,144.0
21-01-2016,Item_C,Eurostar,20,241.6
11-07-2017,Item_B,Eurostar,10,199.8
11-07-2017,Item_E,DB,15,108.8
11-07-2017,Item_D,Thalys,10,277.2
30-04-2016,Item_B,Thalys,15,292.4
04-11-2018,Item_D,DB,15,143.65
04-11-2018,Item_B,Eurostar,30,36.4
31-12-2017,Item_B,DB,20,243.2
31-12-2017,Item_E,DB,30,224.7
31-12-2017,Item_C,DB,10,183.6
18-02-2020,Item_A,DB,20,334.4
27-01-2021,Item_C,DB,15,105.4
27-01-2021,Item_B,Eurostar,25,297.75
27-01-2021,Item_E,DB,20,119.2
27-01-2021,Item_A,DB,30,179.2
09-05-2018,Item_A,Thalys,10,328.5
01-04-2018,Item_A,TGV,20,103.2
10-06-2018,Item_D,DB,10,99.9
10-06-2018,Item_C,Thalys,10,428.4
10-06-2018,Item_B,Thalys,10,287.1
10-06-2018,Item_E,DB,30,298.9
04-02-2016,Item_B,TGV,25,60.75
04-02-2016,Item_D,Eurostar,15,260.1
26-01-2019,Item_C,Eurostar,25,188.25
26-01-2019,Item_E,DB,10,215.1
26-01-2019,Item_B,Thalys,25,289.5
26-01-2019,Item_A,TGV,10,288.0
01-10-2016,Item_D,DB,20,256.8
01-10-2016,Item_E,Eurostar,25,256.5
08-02-2017,Item_D,DB,15,126.65
08-02-2017,Item_A,Thalys,15,88.4
02-05-2016,Item_D,TGV,15,97.75
02-05-2016,Item_C,Eurostar,30,232.4
02-05-2016,Item_E,TGV,10,145.8
05-12-2021,Item_D,DB,30,169.4
04-08-2016,Item_D,Eurostar,15,175.1
04-08-2016,Item_B,TGV,25,365.25
04-08-2016,Item_E,Eurostar,15,182.75
04-08-2016,Item_A,Thalys,15,182.75
30-10-2017,Item_A,Thalys,20,79.2
30-10-2017,Item_C,TGV,20,285.6
23-12-2018,Item_C,Eurostar,20,158.4
23-12-2018,Item_B,Eurostar,10,403.2
14-10-2018,Item_E,Eurostar,30,247.1
21-08-2016,Item_D,Eurostar,15,289.85
09-06-2018,Item_B,TGV,10,387.0
09-06-2018,Item_C,TGV,25,171.0
09-06-2018,Item_E,TGV,25,71.25
08-02-2020,Item_D,DB,15,81.6
10-01-2019,Item_E,Eurostar,25,117.75
10-01-2019,Item_D,Thalys,15,292.4
10-01-2019,Item_A,DB,20,393.6
13-03-2017,Item_D,Eurostar,20,144.8
13-03-2017,Item_C,Eurostar,25,156.75
13-03-2017,Item_A,DB,20,351.2
13-03-2017,Item_B,Thalys,25,373.5
10-07-2017,Item_E,DB,30,261.8
05-02-2018,Item_D,TGV,30,103.6
05-02-2018,Item_A,Thalys,15,359.55
05-02-2018,Item_C,DB,30,231.7
13-11-2021,Item_A,Eurostar,10,126.9
13-11-2021,Item_B,TGV,25,49.5
29-07-2016,Item_A,DB,15,123.25
29-07-2016,Item_B,DB,25,44.25
29-07-2016,Item_C,TGV,30,302.4
29-07-2016,Item_E,TGV,15,132.6
12-09-2016,Item_A,DB,15,51.85
03-02-2021,Item_B,DB,15,392.7
03-02-2021,Item_D,DB,10,410.4
03-02-2021,Item_C,Eurostar,30,198.8
09-11-2019,Item_B,TGV,15,257.55
09-11-2019,Item_D,DB,25,52.5
21-09-2016,Item_C,Eurostar,30,144.2
21-09-2016,Item_E,Eurostar,25,312.75
07-08-2018,Item_E,Thalys,15,369.75
07-08-2018,Item_A,DB,25,138.0
07-08-2018,Item_D,TGV,20,314.4
15-09-2017,Item_B,DB,20,127.2
15-09-2017,Item_A,Thalys,15,67.15
15-09-2017,Item_D,Thalys,30,198.8
21-08-2020,Item_A,Thalys,20,47.2
21-08-2020,Item_E,DB,15,133.45
21-08-2020,Item_B,TGV,30,119.7
21-08-2020,Item_C,DB,20,136.0
30-12-2016,Item_D,Eurostar,15,230.35
30-12-2016,Item_E,DB,15,163.2
16-06-2019,Item_B,Eurostar,15,59.5
28-10-2021,Item_D,Eurostar,10,126.0
28-10-2021,Item_B,TGV,20,305.6
14-04-2021,Item_A,Eurostar,30,91.7
14-04-2021,Item_D,Eurostar,20,146.4
14-04-2021,Item_C,DB,30,339.5
04-02-2019,Item_A,TGV,30,278.6
04-02-2019,Item_E,DB,15,96.05
04-02-2019,Item_C,TGV,20,83.2
21-02-2019,Item_A,Thalys,30,36.4
21-02-2019,Item_E,TGV,30,327.6
21-02-2019,Item_B,TGV,20,333.6
21-02-2019,Item_C,Thalys,20,73.6
30-08-2016,Item_E,DB,30,161.0
30-08-2016,Item_C,DB,20,171.2
30-08-2016,Item_D,Eurostar,25,68.25
17-12-2016,Item_C,Eurostar,25,83.25
17-12-2016,Item_B,TGV,10,362.7
17-12-2016,Item_D,Thalys,30,264.6
17-12-2016,Item_E,DB,30,236.6
09-01-2018,Item_C,DB,25,43.5
09-01-2018,Item_E,Eurostar,20,179.2
09-01-2018,Item_A,Thalys,25,236.25
09-01-2018,Item_D,TGV,25,345.0
18-03-2017,Item_D,Thalys,15,189.55
12-09-2018,Item_D,DB,15,409.7
12-09-2018,Item_A,Eurostar,10,393.3
12-09-2018,Item_B,Thalys,30,288.4
12-09-2018,Item_E,Thalys,15,379.95
03-08-2019,Item_A,TGV,25,182.25
03-08-2019,Item_C,TGV,20,201.6
03-08-2019,Item_B,Eurostar,10,50.4
03-12-2016,Item_B,DB,15,95.2
03-12-2016,Item_C,Thalys,30,347.9
03-12-2016,Item_A,Eurostar,25,239.25
28-09-2018,Item_B,Eurostar,20,68.0
28-09-2018,Item_D,Eurostar,15,391.85
28-09-2018,Item_E,TGV,30,179.2
28-09-2018,Item_A,DB,20,268.0
08-09-2017,Item_C,Thalys,30,350.0
08-09-2017,Item_E,DB,30,89.6
08-09-2017,Item_A,Eurostar,25,281.25
08-09-2017,Item_B,TGV,30,285.6
15-02-2021,Item_D,Eurostar,10,325.8
15-02-2021,Item_B,Eurostar,30,103.6
15-02-2021,Item_C,Eurostar,10,135.0
15-02-2021,Item_E,DB,10,296.1
30-10-2021,Item_C,DB,15,299.2
30-10-2021,Item_D,DB,20,226.4
06-12-2020,Item_C,DB,15,332.35
06-12-2020,Item_E,DB,15,77.35
05-04-2019,Item_C,Thalys,20,166.4
07-12-2017,Item_D,Thalys,30,305.9
07-12-2017,Item_A,DB,25,240.0
07-12-2017,Item_E,DB,15,93.5
15-07-2021,Item_C,Thalys,30,213.5
15-07-2021,Item_B,Eurostar,25,193.5
15-07-2021,Item_D,TGV,20,229.6
06-12-2019,Item_B,DB,10,322.2
06-12-2019,Item_A,Eurostar,15,127.5
06-12-2019,Item_D,DB,30,298.9
06-12-2019,Item_E,Eurostar,30,109.9
20-01-2021,Item_D,Eurostar,20,200.8
05-12-2020,Item_E,TGV,30,238.0
05-12-2020,Item_D,DB,30,309.4
05-12-2020,Item_B,TGV,30,51.1
16-11-2018,Item_A,TGV,15,217.6
11-06-2021,Item_B,Thalys,30,305.2
21-05-2018,Item_A,DB,30,226.8
12-09-2017,Item_C,Eurostar,10,282.6
12-09-2017,Item_D,Eurostar,20,269.6
12-09-2017,Item_A,TGV,25,142.5
12-11-2016,Item_B,TGV,10,405.9
12-11-2016,Item_E,TGV,30,345.8
10-06-2017,Item_E,Thalys,25,107.25
10-06-2017,Item_A,DB,30,142.1
22-03-2017,Item_A,Thalys,30,44.1
22-03-2017,Item_E,Eurostar,25,71.25
22-03-2017,Item_B,Thalys,25,136.5
14-10-2016,Item_C,Thalys,25,248.25
14-10-2016,Item_B,TGV,30,55.3
14-10-2016,Item_A,Eurostar,30,163.1
17-09-2021,Item_B,DB,20,373.6
21-11-2021,Item_C,Eurostar,10,227.7
21-11-2021,Item_E,TGV,10,277.2
21-11-2021,Item_D,DB,30,332.5
21-11-2021,Item_A,DB,20,279.2
12-01-2016,Item_A,TGV,15,75.65
12-01-2016,Item_C,TGV,15,314.5
12-01-2016,Item_B,Thalys,30,119.0
12-01-2016,Item_D,Thalys,15,105.4
22-07-2020,Item_A,Eurostar,30,172.9
22-07-2020,Item_B,Thalys,15,136.85
22-07-2020,Item_E,TGV,25,42.0
22-07-2020,Item_D,Eurostar,20,236.0
15-05-2021,Item_A,DB,20,320.8
15-05-2021,Item_C,Thalys,10,104.4
05-03-2019,Item_A,TGV,30,79.8
05-03-2019,Item_C,Thalys,30,132.3
05-03-2019,Item_B,Eurostar,30,298.9
10-09-2018,Item_B,TGV,10,301.5
03-07-2021,Item_D,TGV,30,232.4
03-07-2021,Item_B,TGV,20,296.8
06-10-2017,Item_A,DB,30,91.0
15-09-2017,Item_D,TGV,10,396.9
15-09-2017,Item_B,DB,20,135.2
29-01-2020,Item_C,DB,25,248.25
02-06-2017,Item_C,Thalys,30,108.5
02-06-2017,Item_B,DB,10,143.1
02-11-2016,Item_C,DB,20,156.0
02-11-2016,Item_A,Eurostar,10,438.3
02-11-2016,Item_E,DB,25,139.5
12-09-2017,Item_C,DB,25,187.5
12-09-2017,Item_D,Eurostar,30,253.4
12-09-2017,Item_A,Thalys,10,387.0
28-02-2019,Item_C,Eurostar,20,366.4
28-02-2019,Item_A,TGV,30,164.5
28-02-2019,Item_D,TGV,30,109.9
28-02-2019,Item_B,Thalys,30,65.8
14-08-2019,Item_B,Thalys,15,149.6
14-08-2019,Item_C,Eurostar,15,177.65
03-07-2020,Item_B,TGV,20,363.2
03-07-2020,Item_A,Eurostar,25,264.0
03-07-2020,Item_D,DB,25,373.5
05-04-2017,Item_C,DB,30,350.0
05-04-2017,Item_D,Eurostar,30,338.1
05-04-2017,Item_A,TGV,15,196.35
05-04-2017,Item_B,Thalys,15,240.55
01-02-2018,Item_E,TGV,25,51.0
01-02-2018,Item_D,Thalys,20,83.2
05-06-2020,Item_C,Eurostar,20,63.2
05-06-2020,Item_D,DB,10,60.3
05-06-2020,Item_E,Eurostar,30,200.9
29-12-2021,Item_E,DB,10,216.9
14-09-2018,Item_D,TGV,30,142.8
10-02-2017,Item_B,Eurostar,30,158.2
10-02-2017,Item_D,Thalys,15,66.3
21-05-2020,Item_E,Eurostar,30,105.0
13-03-2019,Item_E,Thalys,10,120.6
13-03-2019,Item_C,Thalys,30,57.4
15-09-2018,Item_D,TGV,10,310.5
15-09-2018,Item_B,TGV,10,342.0
15-09-2018,Item_C,Eurostar,20,164.8
13-02-2016,Item_A,Eurostar,30,181.3
20-09-2017,Item_B,TGV,15,121.55
20-09-2017,Item_A,Eurostar,15,414.8
20-09-2017,Item_C,TGV,10,361.8
20-09-2017,Item_D,TGV,20,321.6
21-12-2016,Item_C,DB,25,229.5
28-03-2018,Item_E,DB,30,289.1
28-03-2018,Item_B,DB,25,102.75
28-03-2018,Item_D,DB,25,57.0
19-08-2018,Item_C,DB,25,51.0
19-08-2018,Item_D,Thalys,25,109.5
19-08-2018,Item_B,TGV,30,151.2
19-08-2018,Item_E,TGV,25,175.5
27-01-2017,Item_B,Thalys,25,294.75
27-01-2017,Item_A,Thalys,10,68.4
26-07-2017,Item_D,TGV,10,85.5
22-11-2016,Item_D,Eurostar,20,47.2
22-11-2016,Item_C,Thalys,25,322.5
22-11-2016,Item_A,Eurostar,15,319.6
22-11-2016,Item_E,DB,10,103.5
17-12-2021,Item_E,TGV,30,289.1
17-12-2021,Item_D,DB,30,259.7
17-12-2021,Item_B,DB,20,103.2
26-02-2020,Item_E,TGV,30,130.2
26-02-2020,Item_A,DB,15,411.4
26-02-2020,Item_B,DB,10,261.9
26-02-2020,Item_D,DB,25,218.25
09-05-2021,Item_D,TGV,20,348.0
09-05-2021,Item_C,DB,20,90.4
28-06-2020,Item_A,Eurostar,25,204.75
28-06-2020,Item_E,TGV,10,117.9
04-04-2021,Item_B,Thalys,30,320.6
04-04-2021,Item_A,Thalys,15,126.65
09-02-2017,Item_D,Thalys,20,199.2
09-02-2017,Item_A,TGV,20,307.2
09-02-2017,Item_C,TGV,10,251.1
09-02-2017,Item_E,TGV,15,205.7
16-12-2018,Item_B,Eurostar,20,102.4
28-04-2016,Item_A,TGV,20,347.2
28-04-2016,Item_B,Eurostar,25,143.25
28-04-2016,Item_D,DB,30,280.0
06-09-2018,Item_C,TGV,10,244.8
06-09-2018,Item_E,Thalys,25,261.0
06-09-2018,Item_B,TGV,25,354.0
06-09-2018,Item_D,Eurostar,25,329.25
04-11-2018,Item_A,DB,25,70.5
04-11-2018,Item_B,TGV,25,214.5
04-11-2018,Item_C,DB,20,100.8
25-10-2021,Item_D,Thalys,10,165.6
25-10-2021,Item_C,DB,10,352.8
25-10-2021,Item_B,DB,30,60.2
25-10-2021,Item_E,Eurostar,10,274.5
08-09-2020,Item_C,TGV,15,162.35
08-09-2020,Item_A,TGV,15,215.05
08-09-2020,Item_E,DB,15,272.0
18-11-2018,Item_C,Eurostar,10,387.9
18-11-2018,Item_D,Thalys,20,188.0
21-05-2021,Item_B,Thalys,15,272.85
21-05-2021,Item_A,TGV,10,232.2
03-01-2021,Item_A,Thalys,25,105.0
03-01-2021,Item_B,Eurostar,10,331.2
03-01-2021,Item_E,DB,10,257.4
20-05-2019,Item_B,DB,20,200.0
20-05-2019,Item_A,TGV,20,394.4
20-05-2019,Item_E,TGV,20,367.2
20-05-2019,Item_C,DB,30,227.5
17-08-2017,Item_B,Eurostar,30,186.9
20-04-2017,Item_C,DB,20,53.6
20-04-2017,Item_A,Eurostar,10,64.8
19-07-2018,Item_A,DB,15,145.35
19-07-2018,Item_B,TGV,30,170.1
23-04-2017,Item_B,Thalys,30,285.6
23-04-2017,Item_D,Thalys,30,150.5
23-04-2017,Item_A,Thalys,15,119.0
23-04-2017,Item_C,Thalys,25,206.25
01-04-2020,Item_E,TGV,20,281.6
01-04-2020,Item_A,Thalys,10,373.5
17-08-2019,Item_B,TGV,25,309.75
17-08-2019,Item_C,Thalys,15,412.25
17-08-2019,Item_D,Eurostar,10,102.6
23-08-2020,Item_E,Thalys,30,280.7
23-08-2020,Item_B,TGV,30,55.3
23-08-2020,Item_A,TGV,25,239.25
23-08-2020,Item_C,TGV,15,124.1
02-04-2019,Item_D,Eurostar,10,390.6
02-04-2019,Item_C,Thalys,10,141.3
02-04-2019,Item_A,TGV,20,245.6
06-10-2020,Item_E,Thalys,30,227.5
06-10-2020,Item_D,DB,20,78.4
12-10-2019,Item_E,Thalys,10,282.6
12-10-2019,Item_D,DB,20,119.2
12-10-2019,Item_A,Eurostar,20,195.2
12-10-2019,Item_B,DB,20,176.0
20-01-2021,Item_C,Thalys,30,272.3
20-01-2021,Item_E,Eurostar,20,188.8
28-01-2017,Item_E,Eurostar,25,137.25
28-01-2017,Item_C,DB,25,342.75
28-01-2017,Item_D,Eurostar,15,78.2
24-10-2017,Item_D,TGV,15,395.25
13-05-2019,Item_B,Thalys,20,74.4
13-05-2019,Item_A,Eurostar,30,249.2
13-05-2019,Item_D,Eurostar,30,256.2
13-05-2019,Item_C,Thalys,10,262.8
15-05-2017,Item_C,TGV,25,228.0
15-05-2017,Item_D,TGV,15,173.4
15-05-2017,Item_E,DB,20,296.8
15-05-2017,Item_A,Thalys,20,178.4
17-09-2016,Item_D,DB,25,274.5
17-09-2016,Item_C,Eurostar,30,121.1
17-09-2016,Item_A,Eurostar,25,139.5
15-11-2018,Item_C,TGV,20,88.8
25-01-2016,Item_C,Eurostar,20,152.8
25-01-2016,Item_B,TGV,10,412.2
25-01-2016,Item_E,TGV,30,324.8
13-03-2021,Item_D,TGV,15,218.45
13-03-2021,Item_C,Eurostar,10,84.6
13-03-2021,Item_E,Thalys,30,284.2
20-08-2016,Item_C,Thalys,10,148.5
20-08-2016,Item_E,Thalys,25,302.25
20-08-2016,Item_D,Thalys,30,282.8
20-08-2016,Item_B,DB,30,161.7
08-11-2019,Item_D,DB,20,396.0
08-11-2019,Item_A,Thalys,20,58.4
08-11-2019,Item_E,TGV,30,242.2
08-11-2019,Item_C,Thalys,10,227.7
16-02-2020,Item_A,Thalys,25,154.5
16-02-2020,Item_E,Thalys,30,270.2
16-02-2020,Item_D,Eurostar,10,140.4
16-02-2020,Item_C,Thalys,10,354.6
24-10-2016,Item_C,DB,25,372.0
24-10-2016,Item_E,DB,25,65.25
24-10-2016,Item_D,Eurostar,10,342.0
24-10-2016,Item_B,Thalys,25,96.75
27-02-2018,Item_E,Thalys,15,82.45
26-04-2021,Item_B,TGV,20,85.6
26-04-2021,Item_A,Thalys,15,63.75
30-03-2021,Item_B,TGV,10,308.7
30-03-2021,Item_A,Eurostar,30,213.5
30-03-2021,Item_C,TGV,25,277.5
23-05-2020,Item_E,Thalys,20,199.2
23-05-2020,Item_A,Eurostar,20,248.0
23-05-2020,Item_D,TGV,20,88.0
27-09-2021,Item_E,Thalys,20,276.8
27-09-2021,Item_B,DB,30,217.0
27-09-2021,Item_D,DB,30,186.2
12-06-2018,Item_D,Thalys,15,204.85
12-06-2018,Item_C,TGV,15,346.8
08-03-2016,Item_C,TGV,30,274.4
08-03-2016,Item_A,Thalys,15,254.15
27-08-2018,Item_D,DB,20,196.8
27-08-2018,Item_A,Thalys,30,226.8
27-08-2018,Item_C,Eurostar,10,163.8
25-07-2018,Item_C,Eurostar,30,112.0
25-07-2018,Item_A,TGV,10,151.2
17-05-2017,Item_C,Eurostar,10,230.4
17-05-2017,Item_D,TGV,25,283.5
17-05-2017,Item_B,DB,30,254.1
17-05-2017,Item_E,Eurostar,10,363.6
24-10-2019,Item_A,Thalys,15,219.3
24-10-2019,Item_D,TGV,30,290.5
24-10-2019,Item_E,DB,10,222.3
24-10-2019,Item_B,TGV,30,141.4
22-08-2017,Item_C,DB,25,137.25
22-08-2017,Item_A,Eurostar,10,153.0
04-03-2021,Item_B,TGV,20,192.8
04-03-2021,Item_E,TGV,30,247.1
16-03-2018,Item_D,Eurostar,25,237.0
16-03-2018,Item_E,TGV,10,419.4
16-03-2018,Item_B,Thalys,10,194.4
12-05-2017,Item_D,DB,30,38.5
09-09-2016,Item_A,TGV,30,350.0
09-09-2016,Item_D,TGV,10,441.0
09-09-2016,Item_E,Eurostar,30,94.5
09-09-2016,Item_B,DB,15,238.0
21-03-2018,Item_B,TGV,20,203.2
21-03-2018,Item_C,DB,20,160.8
21-03-2018,Item_E,Eurostar,10,405.0
21-03-2018,Item_D,Thalys,25,363.75
14-11-2019,Item_B,Eurostar,10,324.9
14-11-2019,Item_A,DB,15,92.65
14-11-2019,Item_C,DB,25,297.0
14-11-2019,Item_E,TGV,25,329.25
26-04-2020,Item_B,DB,15,51.85
03-08-2016,Item_A,Thalys,15,356.15
03-08-2016,Item_D,DB,15,87.55
03-08-2016,Item_E,Eurostar,25,58.5
03-08-2016,Item_B,TGV,25,177.0
28-06-2021,Item_A,DB,20,144.0
28-06-2021,Item_C,Eurostar,30,202.3
28-06-2021,Item_E,DB,15,139.4
28-06-2021,Item_B,Eurostar,25,89.25
11-12-2019,Item_B,Eurostar,30,259.0
11-12-2019,Item_C,DB,15,164.9
11-12-2019,Item_D,TGV,20,370.4
17-11-2018,Item_E,TGV,25,100.5
17-11-2018,Item_C,Eurostar,20,335.2
06-08-2016,Item_C,DB,15,59.5
06-08-2016,Item_E,DB,20,356.0
06-08-2016,Item_A,Thalys,30,95.9
15-12-2020,Item_A,DB,20,80.0
26-05-2016,Item_E,DB,10,341.1
27-09-2021,Item_E,DB,20,224.0
27-09-2021,Item_A,DB,15,298.35
06-05-2018,Item_E,DB,15,349.35
04-11-2021,Item_D,TGV,10,246.6
04-11-2021,Item_A,TGV,20,357.6
04-11-2021,Item_B,DB,25,356.25
04-11-2021,Item_E,TGV,25,153.75
18-03-2021,Item_B,Eurostar,20,261.6
18-03-2021,Item_A,TGV,10,60.3
09-04-2019,Item_C,TGV,30,129.5
09-04-2019,Item_B,DB,10,58.5
23-12-2019,Item_D,DB,15,382.5
23-12-2019,Item_E,DB,30,104.3
03-06-2017,Item_E,DB,25,320.25
03-06-2017,Item_C,TGV,30,130.9
03-06-2017,Item_D,Thalys,15,241.4
21-01-2018,Item_D,TGV,25,86.25
21-01-2018,Item_B,Eurostar,15,368.9
21-01-2018,Item_E,TGV,15,164.9
21-01-2018,Item_C,DB,25,216.0
29-11-2019,Item_C,TGV,15,42.5
28-09-2017,Item_E,Thalys,20,393.6
15-08-2016,Item_E,Eurostar,20,224.8
15-08-2016,Item_D,Thalys,30,280.0
02-08-2017,Item_D,Eurostar,30,240.1
02-08-2017,Item_A,Eurostar,10,369.9
02-08-2017,Item_B,Thalys,30,336.7
02-08-2017,Item_C,TGV,25,375.0
17-04-2017,Item_E,DB,30,109.9
17-04-2017,Item_A,Eurostar,25,141.0
17-04-2017,Item_B,TGV,30,109.2
25-01-2021,Item_A,Thalys,30,290.5
29-01-2016,Item_D,Eurostar,20,132.0
29-01-2016,Item_E,TGV,20,113.6
29-01-2016,Item_C,Eurostar,20,273.6
31-01-2018,Item_D,Thalys,30,105.7
31-01-2018,Item_E,Eurostar,20,40.8
31-01-2018,Item_C,TGV,15,379.95
04-02-2020,Item_D,Thalys,25,161.25
04-02-2020,Item_E,TGV,15,183.6
04-02-2020,Item_B,Thalys,15,238.85
04-02-2020,Item_C,DB,10,434.7
07-01-2020,Item_A,Thalys,30,124.6
07-01-2020,Item_E,Eurostar,15,132.6
20-12-2017,Item_C,DB,20,69.6
20-12-2017,Item_A,Eurostar,25,204.75
20-12-2017,Item_B,TGV,20,202.4
21-11-2020,Item_A,DB,20,180.8
29-12-2016,Item_E,TGV,20,56.8
29-12-2016,Item_D,Thalys,15,285.6
29-12-2016,Item_C,Eurostar,15,253.3
18-04-2021,Item_C,Eurostar,30,261.8
18-04-2021,Item_D,DB,10,243.0
19-09-2018,Item_E,TGV,10,349.2
19-09-2018,Item_D,DB,30,310.1
19-09-2018,Item_C,DB,30,331.8
19-07-2017,Item_E,DB,25,368.25
19-07-2017,Item_D,DB,25,307.5
12-03-2018,Item_B,Eurostar,25,199.5
12-03-2018,Item_A,Thalys,25,59.25
12-03-2018,Item_D,Eurostar,10,348.3
12-03-2018,Item_E,TGV,10,385.2
21-03-2016,Item_C,TGV,30,251.3
21-03-2016,Item_B,Eurostar,20,296.8
01-07-2017,Item_D,DB,30,110.6
01-07-2017,Item_E,TGV,20,310.4
01-07-2017,Item_C,Eurostar,10,136.8
01-07-2017,Item_B,TGV,15,157.25
15-05-2018,Item_D,Thalys,20,74.4
15-05-2018,Item_B,Eurostar,20,220.0
04-02-2021,Item_B,Thalys,20,300.8
04-02-2021,Item_E,Thalys,20,43.2
04-02-2021,Item_A,DB,10,88.2
04-02-2021,Item_D,Thalys,10,148.5
19-10-2016,Item_A,TGV,10,388.8
19-10-2016,Item_C,Thalys,20,235.2
19-10-2016,Item_D,DB,20,344.8
19-10-2016,Item_B,TGV,25,198.75
13-01-2021,Item_D,TGV,20,40.8
13-01-2021,Item_A,Thalys,25,149.25
13-01-2021,Item_E,DB,10,286.2
13-01-2021,Item_B,TGV,20,53.6
10-02-2021,Item_A,TGV,10,187.2
10-02-2021,Item_C,DB,30,229.6
10-02-2021,Item_B,Thalys,15,303.45
28-03-2017,Item_E,Eurostar,30,186.2
28-03-2017,Item_D,TGV,25,294.75
21-11-2017,Item_E,TGV,30,305.2
21-11-2017,Item_B,Eurostar,30,267.4
21-11-2017,Item_A,Eurostar,15,111.35
28-02-2021,Item_C,DB,20,188.8
28-02-2021,Item_D,DB,20,156.0
13-08-2018,Item_C,Eurostar,10,109.8
13-08-2018,Item_D,Eurostar,10,390.6
18-09-2019,Item_E,Eurostar,10,411.3
18-09-2019,Item_B,DB,30,97.3
18-09-2019,Item_C,DB,30,50.4
18-09-2019,Item_A,Eurostar,10,380.7
03-06-2020,Item_D,TGV,30,218.4
03-06-2020,Item_A,Eurostar,25,348.75
03-06-2020,Item_B,Thalys,10,382.5
03-06-2020,Item_E,TGV,30,225.4
14-05-2019,Item_D,TGV,25,291.75
14-05-2019,Item_C,TGV,25,248.25
14-05-2019,Item_E,TGV,10,298.8
14-05-2019,Item_A,TGV,20,296.8
12-07-2019,Item_B,TGV,30,282.1
12-07-2019,Item_E,TGV,10,173.7
05-04-2016,Item_A,TGV,15,171.7
05-04-2016,Item_B,TGV,25,344.25
16-03-2019,Item_A,Eurostar,20,274.4
16-03-2019,Item_C,Eurostar,20,135.2
12-12-2019,Item_E,Thalys,15,388.45
12-12-2019,Item_A,DB,25,161.25
01-11-2018,Item_B,Eurostar,30,336.7
01-11-2018,Item_A,TGV,30,259.0
22-07-2017,Item_D,Eurostar,30,102.2
22-07-2017,Item_C,DB,15,49.3
08-05-2017,Item_E,Thalys,15,45.05
08-05-2017,Item_A,Eurostar,20,222.4
08-05-2017,Item_C,Eurostar,15,76.5
08-05-2017,Item_B,DB,10,243.9
04-11-2016,Item_E,DB,25,318.75
04-11-2016,Item_D,DB,30,268.8
04-11-2016,Item_B,Thalys,30,155.4
24-08-2020,Item_E,DB,20,131.2
24-08-2020,Item_A,Eurostar,15,334.9
24-08-2020,Item_D,TGV,15,45.05
01-02-2020,Item_D,TGV,15,87.55
07-11-2017,Item_C,Thalys,10,60.3
07-11-2017,Item_A,DB,30,50.4
16-07-2021,Item_C,Eurostar,25,327.75
16-07-2021,Item_E,TGV,15,219.3
16-06-2018,Item_C,DB,10,250.2
06-09-2018,Item_C,Eurostar,15,191.25
06-09-2018,Item_B,DB,30,278.6
07-09-2020,Item_C,Thalys,20,110.4
07-09-2020,Item_B,DB,15,234.6
07-09-2020,Item_E,TGV,20,115.2
17-01-2018,Item_E,Thalys,20,203.2
17-01-2018,Item_A,TGV,15,225.25
25-01-2016,Item_C,Thalys,15,227.8
25-01-2016,Item_D,Eurostar,20,312.0
22-01-2019,Item_B,DB,20,63.2
22-01-2019,Item_C,DB,10,209.7
22-01-2019,Item_D,Thalys,15,161.5
29-03-2016,Item_B,Thalys,15,108.8
29-03-2016,Item_D,TGV,20,267.2
09-09-2016,Item_D,Thalys,30,96.6
09-09-2016,Item_B,DB,15,134.3
09-09-2016,Item_A,Eurostar,30,151.9
28-08-2017,Item_D,DB,10,75.6
28-08-2017,Item_C,TGV,10,341.1
28-08-2017,Item_A,TGV,15,385.9
02-07-2021,Item_E,TGV,10,228.6
02-07-2021,Item_C,Thalys,10,73.8
02-07-2021,Item_B,DB,15,63.75
02-07-2021,Item_D,TGV,10,129.6
12-04-2016,Item_D,DB,25,193.5
12-04-2016,Item_A,Eurostar,10,190.8
12-04-2016,Item_E,TGV,20,315.2
12-04-2016,Item_C,Thalys,15,326.4
04-07-2018,Item_D,Eurostar,30,63.0
04-07-2018,Item_C,TGV,25,135.0
04-07-2018,Item_A,Eurostar,10,234.9
02-07-2019,Item_E,TGV,30,208.6
02-07-2019,Item_B,Eurostar,15,361.25
02-07-2019,Item_A,DB,10,128.7
13-02-2019,Item_E,TGV,25,75.75
13-02-2019,Item_C,Thalys,10,113.4
12-12-2020,Item_D,Eurostar,25,337.5
12-12-2020,Item_E,DB,25,304.5
12-12-2020,Item_A,Thalys,15,57.8
12-12-2020,Item_B,DB,20,48.8
07-09-2016,Item_B,DB,15,359.55
07-09-2016,Item_E,Eurostar,30,68.6
07-09-2016,Item_D,Thalys,10,401.4
07-09-2016,Item_A,Eurostar,30,228.2
17-04-2016,Item_D,DB,15,263.5
17-04-2016,Item_C,Eurostar,20,360.0
17-04-2016,Item_E,Eurostar,20,360.8
08-03-2019,Item_D,Eurostar,30,166.6
09-06-2021,Item_B,DB,25,73.5
09-06-2021,Item_D,Thalys,25,194.25
26-10-2019,Item_C,Eurostar,15,419.05
26-10-2019,Item_E,DB,30,63.7
26-10-2019,Item_A,DB,25,146.25
26-10-2019,Item_D,Eurostar,25,321.0
09-04-2018,Item_C,Thalys,20,246.4
09-04-2018,Item_A,Eurostar,10,280.8
09-04-2018,Item_D,Thalys,30,341.6
09-04-2018,Item_E,TGV,15,273.7
20-10-2020,Item_C,TGV,15,165.75
20-10-2020,Item_D,TGV,20,265.6
20-10-2020,Item_A,Thalys,25,84.75
20-10-2020,Item_B,DB,30,39.2
16-02-2019,Item_A,Eurostar,15,174.25
16-02-2019,Item_C,DB,10,200.7
16-02-2019,Item_E,Eurostar,10,146.7
16-02-2019,Item_B,Eurostar,20,372.0
28-09-2017,Item_E,Eurostar,10,391.5
28-09-2017,Item_D,TGV,25,242.25
28-09-2017,Item_C,Eurostar,25,253.5
21-11-2016,Item_B,TGV,15,60.35
21-11-2016,Item_E,Thalys,20,91.2
28-09-2021,Item_D,Eurostar,15,76.5
28-09-2021,Item_E,Eurostar,25,246.0
28-09-2021,Item_A,Eurostar,20,333.6
10-06-2019,Item_C,TGV,25,365.25
10-06-2019,Item_D,Thalys,30,154.0
10-06-2019,Item_E,Eurostar,10,412.2
10-06-2019,Item_B,Eurostar,10,223.2
17-02-2016,Item_D,TGV,10,271.8
17-02-2016,Item_C,DB,25,77.25
18-11-2019,Item_A,Eurostar,20,112.0
18-11-2019,Item_B,Thalys,20,242.4
12-03-2019,Item_B,Thalys,25,86.25
12-03-2019,Item_C,Thalys,30,81.9
18-09-2018,Item_E,TGV,10,301.5
18-09-2018,Item_C,DB,15,205.7
29-01-2016,Item_A,Eurostar,30,317.1
29-01-2016,Item_E,Eurostar,25,78.75
29-01-2016,Item_B,Thalys,20,283.2
11-03-2018,Item_D,Thalys,20,217.6
11-03-2018,Item_E,Eurostar,20,212.8
11-11-2018,Item_A,TGV,15,207.4
30-12-2020,Item_A,Thalys,30,290.5
18-11-2021,Item_E,DB,20,40.8
18-11-2021,Item_D,Thalys,25,240.0
18-11-2021,Item_C,DB,10,298.8
27-11-2017,Item_C,TGV,25,141.0
27-11-2017,Item_E,Thalys,30,73.5
27-11-2017,Item_A,Eurostar,30,179.9
25-02-2016,Item_D,TGV,25,319.5
25-02-2016,Item_B,Eurostar,25,78.75
25-02-2016,Item_E,DB,20,355.2
25-02-2016,Item_C,Eurostar,15,318.75
03-06-2018,Item_C,DB,15,138.55
03-06-2018,Item_A,DB,15,396.95
07-10-2017,Item_E,Thalys,20,137.6
09-03-2019,Item_B,Thalys,30,79.1
09-03-2019,Item_C,TGV,20,400.0
09-03-2019,Item_A,TGV,25,217.5
03-07-2021,Item_A,Eurostar,10,317.7
03-07-2021,Item_D,Thalys,10,374.4
03-07-2021,Item_B,TGV,30,177.1
26-03-2016,Item_C,DB,30,86.8
26-03-2016,Item_B,DB,20,118.4
26-03-2016,Item_A,Thalys,10,369.9
26-03-2016,Item_D,TGV,15,164.9
21-05-2018,Item_C,Thalys,25,52.5
21-05-2018,Item_A,TGV,30,43.4
08-11-2020,Item_B,Eurostar,15,61.2
08-11-2020,Item_A,DB,15,63.75
07-01-2016,Item_A,TGV,25,161.25
07-01-2016,Item_E,TGV,25,106.5
18-09-2020,Item_B,DB,25,303.0
18-09-2020,Item_C,Thalys,25,321.0
18-09-2020,Item_D,TGV,10,45.0
21-06-2017,Item_D,DB,20,295.2
29-05-2020,Item_B,DB,15,246.5
29-05-2020,Item_E,TGV,10,226.8
14-03-2016,Item_D,Eurostar,20,66.4
14-03-2016,Item_C,TGV,30,95.2
05-12-2017,Item_E,DB,25,305.25
05-12-2017,Item_A,DB,20,217.6
05-12-2017,Item_B,Eurostar,25,147.0
25-11-2021,Item_E,DB,15,269.45
25-11-2021,Item_C,Thalys,25,267.75
21-09-2020,Item_E,Eurostar,20,189.6
13-06-2019,Item_A,DB,20,56.0
13-06-2019,Item_D,Thalys,15,167.45
13-06-2019,Item_C,Thalys,15,344.25
16-09-2019,Item_B,Eurostar,30,109.9
10-07-2019,Item_B,DB,25,365.25
10-07-2019,Item_D,Eurostar,10,437.4
10-07-2019,Item_C,TGV,15,244.8
10-07-2019,Item_E,DB,15,374.85
16-06-2017,Item_C,Thalys,15,51.85
16-06-2017,Item_E,TGV,30,221.9
12-03-2016,Item_A,Eurostar,15,307.7
12-03-2016,Item_E,Eurostar,10,366.3
12-03-2016,Item_D,DB,30,111.3
12-03-2016,Item_B,TGV,20,341.6
29-08-2018,Item_B,Eurostar,20,80.0
29-08-2018,Item_C,TGV,10,416.7
29-08-2018,Item_D,DB,25,104.25
05-10-2016,Item_A,Thalys,25,154.5
05-10-2016,Item_E,DB,15,89.25
05-10-2016,Item_B,Eurostar,30,293.3
09-08-2016,Item_E,Thalys,25,66.0
09-08-2016,Item_B,Eurostar,20,279.2
09-08-2016,Item_D,Thalys,15,301.75
09-08-2016,Item_C,DB,10,220.5
17-07-2017,Item_A,Thalys,30,70.7
17-07-2017,Item_E,Eurostar,15,52.7
17-07-2017,Item_B,TGV,15,413.1
17-07-2017,Item_D,TGV,30,314.3
03-07-2019,Item_C,Thalys,10,107.1
03-07-2019,Item_D,TGV,20,183.2
03-07-2019,Item_B,Thalys,25,300.75
26-09-2019,Item_C,DB,10,243.9
21-04-2019,Item_C,Thalys,25,165.0
21-04-2019,Item_E,Eurostar,30,57.4
21-04-2019,Item_A,Thalys,20,283.2
03-11-2020,Item_E,DB,25,193.5
03-11-2020,Item_D,DB,10,123.3
03-11-2020,Item_A,TGV,20,272.8
03-11-2020,Item_B,TGV,25,117.75
17-09-2016,Item_C,Thalys,25,126.0
09-04-2016,Item_C,Thalys,20,88.0
09-04-2016,Item_D,Eurostar,10,403.2
09-04-2016,Item_B,Thalys,30,173.6
09-04-2016,Item_A,TGV,20,260.0
20-05-2017,Item_B,Thalys,20,259.2
20-05-2017,Item_E,TGV,10,95.4
20-05-2017,Item_C,DB,25,99.75
20-05-2017,Item_D,DB,20,84.8
29-12-2017,Item_E,TGV,30,184.1
04-07-2019,Item_B,Eurostar,25,312.75
11-04-2017,Item_A,DB,10,267.3
11-04-2017,Item_D,DB,30,282.8
04-10-2020,Item_C,DB,15,203.15
24-07-2016,Item_D,TGV,25,103.5
24-07-2016,Item_E,Thalys,10,45.9
24-07-2016,Item_C,DB,15,204.0
26-09-2017,Item_B,Eurostar,20,130.4
17-09-2021,Item_B,Thalys,25,201.75
17-09-2021,Item_E,Thalys,20,60.0
10-06-2020,Item_D,TGV,10,428.4
10-06-2020,Item_C,Thalys,15,107.95
10-06-2020,Item_E,DB,30,64.4
12-06-2016,Item_C,Eurostar,20,259.2
12-06-2016,Item_E,TGV,15,73.1
12-06-2016,Item_D,Thalys,10,386.1
13-05-2019,Item_A,DB,10,339.3
13-05-2019,Item_D,Thalys,15,236.3
13-05-2019,Item_C,Thalys,25,295.5
13-05-2019,Item_E,Thalys,20,209.6
25-04-2021,Item_B,Eurostar,15,282.2
20-09-2017,Item_D,DB,30,185.5
24-11-2020,Item_E,TGV,25,194.25
24-11-2020,Item_B,DB,15,212.5
18-06-2016,Item_B,DB,25,57.0
18-06-2016,Item_C,Eurostar,20,245.6
18-06-2016,Item_E,DB,20,156.0
18-06-2016,Item_D,Thalys,30,184.1
28-01-2018,Item_B,DB,30,280.0
28-01-2018,Item_A,DB,30,259.0
28-01-2018,Item_D,TGV,20,193.6
28-01-2018,Item_E,Eurostar,20,332.8
17-04-2017,Item_D,Thalys,15,373.15
28-12-2018,Item_A,Thalys,15,327.25
28-12-2018,Item_C,Eurostar,10,448.2
28-12-2018,Item_E,DB,10,140.4
06-08-2020,Item_E,Thalys,10,255.6
06-08-2020,Item_B,Eurostar,30,181.3
16-11-2021,Item_D,Eurostar,25,286.5
16-11-2021,Item_C,TGV,10,263.7
16-11-2021,Item_A,Eurostar,20,220.0
16-11-2021,Item_E,Eurostar,10,135.0
13-07-2021,Item_D,Thalys,25,234.75
13-07-2021,Item_B,Eurostar,30,205.1
09-03-2020,Item_A,DB,20,394.4
09-03-2020,Item_E,TGV,25,161.25
09-03-2020,Item_B,TGV,30,188.3
04-10-2019,Item_C,Thalys,20,197.6
04-10-2019,Item_E,DB,30,221.9
10-06-2016,Item_D,Thalys,10,281.7
28-06-2016,Item_D,DB,15,78.2
28-06-2016,Item_B,Thalys,20,135.2
28-06-2016,Item_A,DB,10,143.1
23-05-2021,Item_C,TGV,15,220.15
23-05-2021,Item_E,DB,10,385.2
07-12-2020,Item_A,Thalys,25,65.25
19-08-2020,Item_B,TGV,20,294.4
19-08-2020,Item_A,TGV,30,163.8
19-08-2020,Item_E,DB,30,270.9
19-08-2020,Item_D,DB,20,288.0
19-02-2021,Item_D,Thalys,10,318.6
19-02-2021,Item_B,TGV,10,126.0
19-02-2021,Item_C,Eurostar,15,345.95
19-02-2021,Item_E,TGV,15,150.45
19-11-2018,Item_D,DB,30,115.5
19-11-2018,Item_E,DB,30,182.0
19-11-2018,Item_C,DB,20,386.4
19-11-2018,Item_B,Thalys,30,196.7
25-09-2016,Item_A,Thalys,15,156.4
25-09-2016,Item_C,Thalys,30,313.6
25-09-2016,Item_B,TGV,20,348.8
25-09-2016,Item_E,DB,15,251.6
20-04-2021,Item_C,DB,30,343.0
20-04-2021,Item_A,Thalys,10,160.2
20-04-2021,Item_D,Thalys,20,72.8
06-11-2020,Item_B,Thalys,20,107.2
04-02-2017,Item_B,Thalys,15,380.8
04-02-2017,Item_C,Eurostar,15,419.9
04-02-2017,Item_D,TGV,15,71.4
09-02-2016,Item_C,Eurostar,15,61.2
09-02-2016,Item_B,TGV,10,308.7
13-06-2017,Item_C,Eurostar,10,428.4
13-06-2017,Item_B,DB,30,315.7
13-06-2017,Item_A,Eurostar,30,307.3
26-10-2019,Item_E,TGV,10,419.4
26-09-2020,Item_D,Eurostar,10,191.7
26-09-2020,Item_E,TGV,25,369.0
11-02-2021,Item_C,Eurostar,20,183.2
11-02-2021,Item_D,DB,20,320.8
19-05-2019,Item_A,Thalys,15,181.05
19-05-2019,Item_D,TGV,10,319.5
19-05-2019,Item_E,Thalys,10,339.3
26-04-2018,Item_E,Thalys,25,90.75
26-04-2018,Item_B,TGV,30,85.4
06-05-2019,Item_A,Eurostar,30,219.8
06-05-2019,Item_E,TGV,15,129.2
06-05-2019,Item_D,Eurostar,20,312.0
06-05-2019,Item_C,Eurostar,25,297.75
16-08-2018,Item_A,DB,15,177.65
16-08-2018,Item_E,Eurostar,10,280.8
16-08-2018,Item_D,Eurostar,30,260.4
16-08-2018,Item_C,Thalys,25,213.0
21-08-2021,Item_D,TGV,30,291.9
21-08-2021,Item_A,Eurostar,15,113.05
21-08-2021,Item_C,DB,20,82.4
21-08-2021,Item_B,DB,15,273.7
02-10-2016,Item_C,DB,25,167.25
02-10-2016,Item_D,DB,30,301.7
10-03-2019,Item_D,DB,10,78.3
10-03-2019,Item_C,TGV,15,333.2
10-03-2019,Item_B,DB,15,137.7
09-06-2021,Item_D,DB,20,288.8
31-12-2016,Item_A,TGV,30,49.7
31-12-2016,Item_E,Eurostar,15,195.5
31-12-2016,Item_D,TGV,10,116.1
13-06-2016,Item_E,Thalys,25,222.75
13-06-2016,Item_C,DB,30,261.8
13-06-2016,Item_A,Eurostar,15,368.05
13-06-2016,Item_D,Eurostar,25,291.0
23-12-2017,Item_C,Eurostar,30,91.7
25-03-2020,Item_B,DB,15,129.2
25-03-2020,Item_D,TGV,30,48.3
25-03-2020,Item_A,DB,10,109.8
25-03-2020,Item_C,DB,20,364.0
03-07-2020,Item_D,DB,15,233.75
01-04-2021,Item_B,TGV,25,288.75
01-04-2021,Item_E,Thalys,30,340.2
29-06-2018,Item_B,TGV,10,74.7
29-06-2018,Item_E,Eurostar,20,324.0
29-06-2018,Item_D,TGV,10,151.2
29-06-2018,Item_C,DB,25,365.25
05-08-2019,Item_B,Eurostar,25,255.75
15-12-2021,Item_E,Eurostar,20,80.8
15-12-2021,Item_B,TGV,10,414.0
15-12-2021,Item_C,DB,15,193.8
02-01-2021,Item_D,Thalys,10,214.2
02-01-2021,Item_E,Thalys,20,160.8
22-09-2019,Item_A,TGV,25,190.5
22-09-2019,Item_D,DB,20,84.0
07-08-2018,Item_B,TGV,25,68.25
07-08-2018,Item_D,Thalys,10,440.1
07-08-2018,Item_E,Eurostar,20,334.4
29-01-2016,Item_E,DB,10,211.5
29-01-2016,Item_A,Eurostar,25,285.75
29-01-2016,Item_B,TGV,25,126.75
01-08-2019,Item_C,DB,15,94.35
01-08-2019,Item_E,DB,30,136.5
01-08-2019,Item_A,DB,30,111.3
01-02-2020,Item_B,TGV,20,48.0
12-02-2016,Item_B,Eurostar,10,199.8
12-02-2016,Item_A,DB,30,117.6
12-02-2016,Item_C,Thalys,30,229.6
12-02-2016,Item_E,Eurostar,10,370.8
27-02-2021,Item_B,Eurostar,20,95.2
08-12-2019,Item_E,TGV,15,357.85
08-12-2019,Item_C,Thalys,15,113.9
27-12-2019,Item_A,TGV,30,291.2
27-12-2019,Item_D,Thalys,20,250.4
27-12-2019,Item_B,Eurostar,30,287.7
27-12-2019,Item_C,DB,25,297.75
08-12-2021,Item_E,TGV,15,204.85
08-12-2021,Item_C,DB,20,365.6
08-12-2021,Item_D,TGV,10,216.0
29-09-2018,Item_C,Eurostar,20,303.2
12-04-2018,Item_E,TGV,20,240.0
12-04-2018,Item_D,Eurostar,30,94.5
12-04-2018,Item_C,Eurostar,10,318.6
09-07-2020,Item_B,Thalys,25,199.5
09-07-2020,Item_D,Eurostar,20,351.2
16-01-2020,Item_A,TGV,10,248.4
16-01-2020,Item_B,Thalys,20,180.0
11-07-2018,Item_D,Thalys,10,302.4
19-12-2016,Item_E,Thalys,10,132.3
19-12-2016,Item_B,Thalys,10,180.9
19-12-2016,Item_C,Eurostar,30,57.4
19-12-2016,Item_A,TGV,15,143.65
10-07-2018,Item_C,Eurostar,25,147.0
10-07-2018,Item_B,DB,15,107.1
19-06-2020,Item_A,TGV,15,396.95
19-06-2020,Item_E,TGV,25,68.25
19-06-2020,Item_C,DB,25,175.5
19-06-2020,Item_D,Eurostar,20,90.4
05-02-2021,Item_C,DB,30,126.0
09-09-2018,Item_B,Eurostar,30,224.7
09-09-2018,Item_A,Eurostar,10,167.4
09-09-2018,Item_D,TGV,20,378.4
09-09-2018,Item_C,Thalys,25,182.25
02-07-2019,Item_E,TGV,15,374.85
02-07-2019,Item_A,DB,20,67.2
02-07-2019,Item_B,Eurostar,15,385.9
08-09-2019,Item_B,DB,25,174.0
08-09-2019,Item_C,Eurostar,30,41.3
26-12-2020,Item_B,Eurostar,15,228.65
26-12-2020,Item_E,Thalys,20,156.8
10-03-2019,Item_A,TGV,15,276.25
03-03-2016,Item_A,Eurostar,10,216.9
06-03-2020,Item_A,Thalys,10,66.6
17-02-2018,Item_C,DB,15,319.6
17-02-2018,Item_B,DB,30,160.3
17-02-2018,Item_D,DB,30,245.7
30-12-2020,Item_C,DB,30,167.3
30-12-2020,Item_B,Thalys,25,71.25
30-12-2020,Item_E,TGV,15,276.25
13-03-2018,Item_C,Thalys,20,339.2
13-03-2018,Item_A,DB,30,83.3
06-07-2021,Item_A,TGV,25,352.5
06-07-2021,Item_C,Thalys,15,98.6
06-07-2021,Item_D,DB,15,190.4
06-07-2021,Item_B,Eurostar,20,268.0
16-11-2017,Item_B,Thalys,20,248.0
16-11-2017,Item_E,TGV,20,347.2
04-03-2019,Item_E,DB,30,219.1
14-05-2019,Item_E,DB,25,285.75
14-05-2019,Item_C,TGV,15,312.8
14-05-2019,Item_A,TGV,15,351.9
11-11-2019,Item_B,Eurostar,20,181.6
11-11-2019,Item_D,TGV,10,206.1
11-11-2019,Item_A,Thalys,15,241.4
11-11-2019,Item_E,Thalys,15,169.15
11-07-2019,Item_C,DB,15,202.3
11-04-2017,Item_E,Eurostar,15,220.15
11-04-2017,Item_C,TGV,10,299.7
18-07-2016,Item_E,Eurostar,20,74.4
07-10-2021,Item_D,TGV,10,258.3
07-10-2021,Item_A,Eurostar,10,205.2
07-10-2021,Item_B,DB,20,261.6
07-10-2021,Item_E,DB,15,309.4
04-04-2021,Item_D,DB,25,199.5
04-04-2021,Item_A,TGV,30,128.8
04-04-2021,Item_B,Eurostar,20,264.8
25-07-2018,Item_A,TGV,15,223.55
08-09-2021,Item_C,TGV,20,253.6
08-09-2021,Item_D,Thalys,20,348.8
08-09-2021,Item_E,Eurostar,20,184.0
08-09-2021,Item_A,TGV,20,212.8
02-10-2020,Item_C,Thalys,30,249.2
02-10-2020,Item_E,DB,30,131.6
22-09-2020,Item_A,Eurostar,30,122.5
22-09-2020,Item_E,DB,10,178.2
22-09-2020,Item_C,Thalys,25,227.25
22-09-2020,Item_B,DB,20,274.4
29-11-2020,Item_E,DB,20,280.8
10-10-2018,Item_D,DB,30,200.2
10-10-2018,Item_E,DB,10,357.3
10-10-2018,Item_C,Thalys,10,333.9
19-01-2020,Item_D,Eurostar,30,252.0
19-01-2020,Item_C,TGV,20,254.4
19-01-2020,Item_B,DB,30,315.7
16-06-2017,Item_E,TGV,20,71.2
07-09-2020,Item_A,Thalys,25,168.75
28-01-2018,Item_B,DB,20,60.0
28-01-2018,Item_D,Eurostar,10,226.8
28-01-2018,Item_E,TGV,25,150.0
06-06-2020,Item_E,DB,10,204.3
06-06-2020,Item_B,Eurostar,15,283.05
06-06-2020,Item_D,TGV,10,141.3
02-10-2018,Item_D,TGV,10,67.5
23-11-2021,Item_D,TGV,10,330.3
23-11-2021,Item_C,TGV,25,168.0
23-11-2021,Item_A,Eurostar,25,364.5
23-11-2021,Item_B,Eurostar,10,167.4
04-11-2020,Item_A,DB,15,307.7
04-11-2020,Item_B,Thalys,30,341.6
04-11-2020,Item_D,DB,25,243.75
04-11-2020,Item_C,Eurostar,25,180.75
30-08-2021,Item_D,Eurostar,25,166.5
09-02-2017,Item_A,TGV,25,192.0
09-02-2017,Item_C,DB,25,113.25
09-02-2017,Item_B,Eurostar,15,302.6
09-02-2017,Item_E,DB,10,250.2
15-12-2016,Item_B,Eurostar,10,310.5
15-01-2020,Item_B,TGV,15,116.45
15-01-2020,Item_C,TGV,15,187.0
15-01-2020,Item_E,TGV,30,287.7
15-01-2020,Item_A,TGV,15,181.9
07-09-2021,Item_A,DB,20,104.0
07-09-2021,Item_D,TGV,15,146.2
07-09-2021,Item_B,Thalys,25,250.5
07-09-2021,Item_C,Eurostar,20,192.0
02-04-2017,Item_C,TGV,15,235.45
02-04-2017,Item_A,TGV,30,192.5
11-07-2019,Item_D,Eurostar,10,126.9
11-08-2021,Item_B,DB,30,154.7
11-08-2021,Item_A,Eurostar,10,208.8
18-02-2018,Item_E,TGV,25,71.25
18-02-2018,Item_A,DB,20,141.6
18-02-2018,Item_B,Thalys,10,205.2
18-02-2018,Item_D,TGV,10,359.1
06-10-2017,Item_E,TGV,20,264.8
06-10-2017,Item_B,TGV,15,394.4
06-10-2017,Item_A,TGV,25,54.0
26-04-2020,Item_D,Eurostar,15,407.15
26-04-2020,Item_B,Eurostar,15,285.6
26-04-2020,Item_C,Eurostar,10,165.6
29-06-2016,Item_A,TGV,25,190.5
10-08-2018,Item_A,TGV,20,262.4
10-08-2018,Item_D,Thalys,30,219.8
10-08-2018,Item_C,TGV,20,126.4
14-12-2016,Item_E,DB,20,340.0
14-12-2016,Item_D,TGV,10,332.1
20-06-2017,Item_D,TGV,20,183.2
20-06-2017,Item_B,DB,10,438.3
25-04-2019,Item_D,Thalys,10,310.5
30-08-2019,Item_B,Eurostar,25,334.5
06-10-2017,Item_C,Thalys,30,326.9
06-10-2017,Item_D,TGV,10,84.6
06-10-2017,Item_A,Thalys,15,420.75
06-10-2017,Item_B,TGV,20,396.0
